<?xml version="1.0" encoding="UTF-8"?>
<project-private xmlns="http://www.netbeans.org/ns/project-private/1">
    <editor-bookmarks xmlns="http://www.netbeans.org/ns/editor-bookmarks/2" lastBookmarkId="0"/>
    <open-files xmlns="http://www.netbeans.org/ns/projectui-open-files/2">
        <group>
            <file>file:/Users/holt/GitHub/CS4330/SkinnerhCheckers/src/skinnerhcheckers/CheckerBoard.java</file>
            <file>file:/Users/holt/GitHub/CS4330/SkinnerhCheckers/src/skinnerhcheckers/SkinnerhCheckers.java</file>
            <file>file:/Users/holt/GitHub/CS4330/SkinnerhCheckers/src/skinnerhcheckers/Controller.java</file>
        </group>
    </open-files>
</project-private>
